{
    "foreground_intensity_properties_per_channel": {
        "0": {
            "max": 3000.0,
            "mean": -658.0032348632812,
            "median": -1000.0,
            "min": -1024.0,
            "percentile_00_5": -1007.0,
            "percentile_99_5": 1305.0,
            "std": 551.1595458984375
        }
    },
    "median_relative_size_after_cropping": 1.0,
    "shapes_after_crop": [
        [
            197,
            247,
            238
        ],
        [
            174,
            243,
            224
        ],
        [
            189,
            250,
            210
        ],
        [
            224,
            258,
            231
        ]
    ],
    "spacings": [
        [
            1.0,
            1.0,
            1.0
        ],
        [
            1.0,
            1.0,
            1.0
        ],
        [
            1.0,
            1.0,
            1.0
        ],
        [
            1.0,
            1.0,
            1.0
        ]
    ]
}