{
    "foreground_intensity_properties_per_channel": {
        "0": {
            "max": 3000.0,
            "mean": 224.49000549316406,
            "median": 0.0,
            "min": 0.0,
            "percentile_00_5": 0.0,
            "percentile_99_5": 1782.2005627441395,
            "std": 427.9965515136719
        }
    },
    "median_relative_size_after_cropping": 1.0,
    "shapes_after_crop": [
        [
            197,
            247,
            238
        ],
        [
            174,
            243,
            224
        ],
        [
            189,
            250,
            210
        ],
        [
            224,
            258,
            231
        ]
    ],
    "spacings": [
        [
            1.0,
            1.0,
            1.0
        ],
        [
            1.0,
            1.0,
            1.0
        ],
        [
            1.0,
            1.0,
            1.0
        ],
        [
            1.0,
            1.0,
            1.0
        ]
    ]
}